Book Name,Product ID,Price ID
The S-Corp Playbook Bundles + Shipping & Handling,prod_PDfDAfBryQ3f8Q,price_1T2eUuBBqB7ETKuVwVpzqIjj
The S-Corp Playbook + Shipping & Handling,prod_UNR9UWANshQiLI,price_1TOlUKBBqB7ETKuVbUqYYNhT
S-Corp Playbook - Digital PDF Copy,prod_UNA6Ea65NHlAcQ,price_1TOlaABBqB7ETKuVEsvwS7ce
S-Corp Playbook - Audio,prod_QpCAhI2VbFIJ2Y,price_1T2eTHBBqB7ETKuVe8Q9fuyw
Why the Rich Don’t Pay Taxes And Why Real Estate Is the Reason + Shipping & Handling,prod_UNSwEGaexybXSx,price_1TOl9gBBqB7ETKuVLq7ehU51
Why the Rich Don’t Pay Taxes And Why Real Estate Is the Reason Bundles + Shipping & Handling,prod_U0Hya51fC8YPfQ,price_1T2dlZBBqB7ETKuV8vKizDIQ
Why the Rich Don’t Pay Taxes And Why Real Estate Is the Reason - Digital PDF,prod_UNSY4CRvsxj25H,price_1TOlCYBBqB7ETKuVVclSsUaO
Why the Rich Don’t Pay Taxes And Why Real Estate Is the Reason - Audio,prod_U0I0KrzrZzBc1K,price_1T2deuBBqB7ETKuV0nU8wjzq
The Restaurant Profit Blueprint - Digital PDF,prod_UNSQIU4W2dtvBH,price_1TOlFJBBqB7ETKuVLxMO1ZR4
The Restaurant Profit Blueprint - Audio,prod_U0HuuXe7zAj0Qw,price_1T2do1BBqB7ETKuVhTdLQSQX
The Restaurant Profit Blueprint Bundles + Shipping & Handling,prod_UNSE97UTUxZsnM,price_1TOlHqBBqB7ETKuVh943I21w
The Restaurant Profit Blueprint + Shipping & Handling,prod_U0HrokUdTp8jwt,price_1T2dpkBBqB7ETKuVPue0kV6m
The 3 M's to Freedom Bundles + Shipping & Handling,prod_UNSA6kl0euO5Ai,price_1TOlKJBBqB7ETKuVlo3eefBK
The 3 M's to Freedom + Shipping & Handling,prod_U0HdtEzQy1lS5g,price_1T2e5lBBqB7ETKuVIuDEEQAN
The 3 M's to Freedom - Audio,prod_U0HdtEzQy1lS5g,price_1T2dt6BBqB7ETKuVTGALpDEc
The 3 M's to Freedom - Digital PDF,prod_UNRi4QzpJAHM7r,price_1TOlRkBBqB7ETKuVW6m7Nc30
THE PROACTIVE CFO SOLUTION BUNDLES + Shipping & Handling,prod_UNS6HQVBAr7sp4,price_1TOlMfBBqB7ETKuVLnrLGW1F
THE PROACTIVE CFO SOLUTION + Shipping & Handling,prod_U0HjhvumO7Vr7D,price_1T2dsBBBqB7ETKuVAr3xFdJQ
THE PROACTIVE CFO SOLUTION - Digital PDF,prod_UNRxEQdmMdwP3X,price_1TOlPkBBqB7ETKuV28aBachq
THE PROACTIVE CFO SOLUTION - Audio,prod_U0Hmg7MtuD0C1O,price_1T2dqbBBqB7ETKuVqvYCiuoB
The Money-Making Blueprint for Construction Companies Bundles + Shipping & Handling,prod_UNRJ66222da3Bv,price_1TOlSoBBqB7ETKuVtDfASqwk
The Money-Making Blueprint for Construction Companies + Shipping & Handling,prod_U0I59FqHVgmIKe,price_1T2cpuBBqB7ETKuVPA63LBVd
The Money-Making Blueprint for Construction Companies - Digital PDF Copy,prod_UNAG4gj0lRYIGj,price_1TOlYSBBqB7ETKuVhVlOdPk8
The Money-Making Blueprint for Construction Companies - Audio,prod_U0I8eAAAHeCBBA,price_1T2dAkBBqB7ETKuVZCP3OsnA